--------------------------------------------------------
-- Archivo creado  - sábado-febrero-12-2022   
--------------------------------------------------------
--------------------------------------------------------
--  DDL for Table PROVEEDORES
--------------------------------------------------------

  CREATE TABLE "VENDETODO"."PROVEEDORES" 
   (	"ID_PROVEEDOR" NUMBER(30,0), 
	"NOMBRE_COMPANIA" VARCHAR2(50 BYTE), 
	"NOMBRE_CONTACTO" VARCHAR2(50 BYTE), 
	"DIRECCION" VARCHAR2(50 BYTE), 
	"REGION" VARCHAR2(50 BYTE), 
	"CIUDAD" VARCHAR2(50 BYTE), 
	"TELEFONO" NUMBER(30,0)
   ) SEGMENT CREATION IMMEDIATE 
  PCTFREE 10 PCTUSED 40 INITRANS 1 MAXTRANS 255 
 NOCOMPRESS LOGGING
  STORAGE(INITIAL 65536 NEXT 1048576 MINEXTENTS 1 MAXEXTENTS 2147483645
  PCTINCREASE 0 FREELISTS 1 FREELIST GROUPS 1
  BUFFER_POOL DEFAULT FLASH_CACHE DEFAULT CELL_FLASH_CACHE DEFAULT)
  TABLESPACE "USERS" ;
--------------------------------------------------------
--  DDL for Table PRODUCTOS
--------------------------------------------------------

  CREATE TABLE "VENDETODO"."PRODUCTOS" 
   (	"ID_PRODUCTO" NUMBER(30,0), 
	"PRECIO" NUMBER(*,0), 
	"STOCK" NUMBER(30,0), 
	"DESCONTINUADO" VARCHAR2(15 BYTE), 
	"ID_CATEGORIA" NUMBER(30,0), 
	"ID_PROVEEDOR" NUMBER(30,0)
   ) SEGMENT CREATION IMMEDIATE 
  PCTFREE 10 PCTUSED 40 INITRANS 1 MAXTRANS 255 
 NOCOMPRESS LOGGING
  STORAGE(INITIAL 65536 NEXT 1048576 MINEXTENTS 1 MAXEXTENTS 2147483645
  PCTINCREASE 0 FREELISTS 1 FREELIST GROUPS 1
  BUFFER_POOL DEFAULT FLASH_CACHE DEFAULT CELL_FLASH_CACHE DEFAULT)
  TABLESPACE "USERS" ;
--------------------------------------------------------
--  DDL for Table ORDEN_DE_COMPRA
--------------------------------------------------------

  CREATE TABLE "VENDETODO"."ORDEN_DE_COMPRA" 
   (	"CANTIDAD" NUMBER(30,0), 
	"ID_PRODUCTO" NUMBER(30,0), 
	"ID_ORDEN" NUMBER(30,0)
   ) SEGMENT CREATION IMMEDIATE 
  PCTFREE 10 PCTUSED 40 INITRANS 1 MAXTRANS 255 
 NOCOMPRESS LOGGING
  STORAGE(INITIAL 65536 NEXT 1048576 MINEXTENTS 1 MAXEXTENTS 2147483645
  PCTINCREASE 0 FREELISTS 1 FREELIST GROUPS 1
  BUFFER_POOL DEFAULT FLASH_CACHE DEFAULT CELL_FLASH_CACHE DEFAULT)
  TABLESPACE "USERS" ;
--------------------------------------------------------
--  DDL for Table ORDENES
--------------------------------------------------------

  CREATE TABLE "VENDETODO"."ORDENES" 
   (	"ID_ORDEN" NUMBER(30,0), 
	"FECHA_REQUERIMIENTO" DATE, 
	"FECHA_ENVIO" DATE, 
	"NOMBRE_RECEPTOR" VARCHAR2(30 BYTE), 
	"DIRECCION" VARCHAR2(50 BYTE), 
	"CODIGO_POSTAL" NUMBER(30,0), 
	"CIUDAD" VARCHAR2(30 BYTE), 
	"REGION" VARCHAR2(30 BYTE), 
	"PAIS" VARCHAR2(30 BYTE), 
	"METODO_ENVIO" VARCHAR2(30 BYTE), 
	"ID_COMPRA" NUMBER(30,0), 
	"ID_EMPLEADO" NUMBER(30,0), 
	"ID_CLIENTE" NUMBER(30,0), 
	"ID_DESPACHADOR" NUMBER(30,0)
   ) SEGMENT CREATION IMMEDIATE 
  PCTFREE 10 PCTUSED 40 INITRANS 1 MAXTRANS 255 
 NOCOMPRESS LOGGING
  STORAGE(INITIAL 65536 NEXT 1048576 MINEXTENTS 1 MAXEXTENTS 2147483645
  PCTINCREASE 0 FREELISTS 1 FREELIST GROUPS 1
  BUFFER_POOL DEFAULT FLASH_CACHE DEFAULT CELL_FLASH_CACHE DEFAULT)
  TABLESPACE "USERS" ;
--------------------------------------------------------
--  DDL for Table EMPLEADOS
--------------------------------------------------------

  CREATE TABLE "VENDETODO"."EMPLEADOS" 
   (	"ID_EMPLEADO" NUMBER(10,0), 
	"NOMBRE" VARCHAR2(15 BYTE), 
	"APELLIDO" VARCHAR2(15 BYTE), 
	"FECHA_NACIMIENTO" DATE, 
	"DIRECCION" VARCHAR2(50 BYTE), 
	"REGION" VARCHAR2(50 BYTE), 
	"CIUDAD" VARCHAR2(50 BYTE), 
	"PAIS" VARCHAR2(20 BYTE), 
	"TELEFONO" NUMBER(30,0), 
	"CARGO" VARCHAR2(50 BYTE)
   ) SEGMENT CREATION IMMEDIATE 
  PCTFREE 10 PCTUSED 40 INITRANS 1 MAXTRANS 255 
 NOCOMPRESS LOGGING
  STORAGE(INITIAL 65536 NEXT 1048576 MINEXTENTS 1 MAXEXTENTS 2147483645
  PCTINCREASE 0 FREELISTS 1 FREELIST GROUPS 1
  BUFFER_POOL DEFAULT FLASH_CACHE DEFAULT CELL_FLASH_CACHE DEFAULT)
  TABLESPACE "USERS" ;
--------------------------------------------------------
--  DDL for Table DESPACHADORES
--------------------------------------------------------

  CREATE TABLE "VENDETODO"."DESPACHADORES" 
   (	"ID_DESPACHADOR" NUMBER(*,0), 
	"NOMBRE" VARCHAR2(40 BYTE), 
	"TELEFONO_EMPRESA" NUMBER(30,0)
   ) SEGMENT CREATION IMMEDIATE 
  PCTFREE 10 PCTUSED 40 INITRANS 1 MAXTRANS 255 
 NOCOMPRESS LOGGING
  STORAGE(INITIAL 65536 NEXT 1048576 MINEXTENTS 1 MAXEXTENTS 2147483645
  PCTINCREASE 0 FREELISTS 1 FREELIST GROUPS 1
  BUFFER_POOL DEFAULT FLASH_CACHE DEFAULT CELL_FLASH_CACHE DEFAULT)
  TABLESPACE "USERS" ;
--------------------------------------------------------
--  DDL for Table COMPRAS
--------------------------------------------------------

  CREATE TABLE "VENDETODO"."COMPRAS" 
   (	"ID_COMPRA" NUMBER(30,0), 
	"VALOR_COMPRA" NUMBER(*,0), 
	"CANTIDAD_PRODUCTOS" NUMBER(30,0), 
	"DESCUENTOS" NUMBER(*,0)
   ) SEGMENT CREATION IMMEDIATE 
  PCTFREE 10 PCTUSED 40 INITRANS 1 MAXTRANS 255 
 NOCOMPRESS LOGGING
  STORAGE(INITIAL 65536 NEXT 1048576 MINEXTENTS 1 MAXEXTENTS 2147483645
  PCTINCREASE 0 FREELISTS 1 FREELIST GROUPS 1
  BUFFER_POOL DEFAULT FLASH_CACHE DEFAULT CELL_FLASH_CACHE DEFAULT)
  TABLESPACE "USERS" ;
--------------------------------------------------------
--  DDL for Table CLIENTES
--------------------------------------------------------

  CREATE TABLE "VENDETODO"."CLIENTES" 
   (	"ID_CLIENTE" NUMBER(10,0), 
	"NOMBRE_EMPRESA" VARCHAR2(50 BYTE), 
	"NOMBRE_CONTACTO" VARCHAR2(50 BYTE), 
	"EMAIL" VARCHAR2(30 BYTE), 
	"DIRECCION" VARCHAR2(30 BYTE), 
	"REGION" VARCHAR2(25 BYTE), 
	"CIUDAD" VARCHAR2(30 BYTE), 
	"PAIS" VARCHAR2(30 BYTE), 
	"CODIGO_POSTAL" NUMBER(30,0), 
	"TELEFONO" NUMBER(30,0)
   ) SEGMENT CREATION IMMEDIATE 
  PCTFREE 10 PCTUSED 40 INITRANS 1 MAXTRANS 255 
 NOCOMPRESS LOGGING
  STORAGE(INITIAL 65536 NEXT 1048576 MINEXTENTS 1 MAXEXTENTS 2147483645
  PCTINCREASE 0 FREELISTS 1 FREELIST GROUPS 1
  BUFFER_POOL DEFAULT FLASH_CACHE DEFAULT CELL_FLASH_CACHE DEFAULT)
  TABLESPACE "USERS" ;
--------------------------------------------------------
--  DDL for Table CATEGORIA
--------------------------------------------------------

  CREATE TABLE "VENDETODO"."CATEGORIA" 
   (	"ID_CATEGORIA" NUMBER(*,0), 
	"NOMBRE_CATEGORIA" VARCHAR2(50 BYTE)
   ) SEGMENT CREATION IMMEDIATE 
  PCTFREE 10 PCTUSED 40 INITRANS 1 MAXTRANS 255 
 NOCOMPRESS LOGGING
  STORAGE(INITIAL 65536 NEXT 1048576 MINEXTENTS 1 MAXEXTENTS 2147483645
  PCTINCREASE 0 FREELISTS 1 FREELIST GROUPS 1
  BUFFER_POOL DEFAULT FLASH_CACHE DEFAULT CELL_FLASH_CACHE DEFAULT)
  TABLESPACE "USERS" ;
REM INSERTING into VENDETODO.PROVEEDORES
SET DEFINE OFF;
Insert into VENDETODO.PROVEEDORES (ID_PROVEEDOR,NOMBRE_COMPANIA,NOMBRE_CONTACTO,DIRECCION,REGION,CIUDAD,TELEFONO) values ('1','zara','sarita gonzales','calle falsa 123','metropolitana','santiago','789945551');
Insert into VENDETODO.PROVEEDORES (ID_PROVEEDOR,NOMBRE_COMPANIA,NOMBRE_CONTACTO,DIRECCION,REGION,CIUDAD,TELEFONO) values ('2','jordan','michael jordan','patronato 9674','metropolitana','santiago','789945562');
Insert into VENDETODO.PROVEEDORES (ID_PROVEEDOR,NOMBRE_COMPANIA,NOMBRE_CONTACTO,DIRECCION,REGION,CIUDAD,TELEFONO) values ('3','La crianza','Mauricio Kloker','laguna sur 1256','metropolitana','santiago','654748231');
Insert into VENDETODO.PROVEEDORES (ID_PROVEEDOR,NOMBRE_COMPANIA,NOMBRE_CONTACTO,DIRECCION,REGION,CIUDAD,TELEFONO) values ('4','huawei','Donnie Yen','diego de almagro 0682','metropolitana','santiago','78948789');
Insert into VENDETODO.PROVEEDORES (ID_PROVEEDOR,NOMBRE_COMPANIA,NOMBRE_CONTACTO,DIRECCION,REGION,CIUDAD,TELEFONO) values ('5','joyas baron','andronico mujica','villa el esfuerzo 2360','metropolitana','santiago','789946589');
commit;
REM INSERTING into VENDETODO.PRODUCTOS
SET DEFINE OFF;
Insert into VENDETODO.PRODUCTOS (ID_PRODUCTO,PRECIO,STOCK,DESCONTINUADO,ID_CATEGORIA,ID_PROVEEDOR) values ('1','10000','5','no','1','1');
Insert into VENDETODO.PRODUCTOS (ID_PRODUCTO,PRECIO,STOCK,DESCONTINUADO,ID_CATEGORIA,ID_PROVEEDOR) values ('2','36000','33','no','2','2');
Insert into VENDETODO.PRODUCTOS (ID_PRODUCTO,PRECIO,STOCK,DESCONTINUADO,ID_CATEGORIA,ID_PROVEEDOR) values ('3','2000','94','si','3','3');
Insert into VENDETODO.PRODUCTOS (ID_PRODUCTO,PRECIO,STOCK,DESCONTINUADO,ID_CATEGORIA,ID_PROVEEDOR) values ('4','450000','199','no','4','4');
Insert into VENDETODO.PRODUCTOS (ID_PRODUCTO,PRECIO,STOCK,DESCONTINUADO,ID_CATEGORIA,ID_PROVEEDOR) values ('5','600000','8','no','5','5');
commit;
REM INSERTING into VENDETODO.ORDEN_DE_COMPRA
SET DEFINE OFF;
Insert into VENDETODO.ORDEN_DE_COMPRA (CANTIDAD,ID_PRODUCTO,ID_ORDEN) values ('1','5','1');
Insert into VENDETODO.ORDEN_DE_COMPRA (CANTIDAD,ID_PRODUCTO,ID_ORDEN) values ('1','4','2');
Insert into VENDETODO.ORDEN_DE_COMPRA (CANTIDAD,ID_PRODUCTO,ID_ORDEN) values ('1','3','3');
Insert into VENDETODO.ORDEN_DE_COMPRA (CANTIDAD,ID_PRODUCTO,ID_ORDEN) values ('12','2','4');
Insert into VENDETODO.ORDEN_DE_COMPRA (CANTIDAD,ID_PRODUCTO,ID_ORDEN) values ('5','3','5');
commit;
REM INSERTING into VENDETODO.ORDENES
SET DEFINE OFF;
Insert into VENDETODO.ORDENES (ID_ORDEN,FECHA_REQUERIMIENTO,FECHA_ENVIO,NOMBRE_RECEPTOR,DIRECCION,CODIGO_POSTAL,CIUDAD,REGION,PAIS,METODO_ENVIO,ID_COMPRA,ID_EMPLEADO,ID_CLIENTE,ID_DESPACHADOR) values ('1',to_date('14/10/20','DD/MM/RR'),to_date('24/11/20','DD/MM/RR'),'mario bros','calle champinon','12345','santiago','metropolitana','chile','carreta','1','1','1','1');
Insert into VENDETODO.ORDENES (ID_ORDEN,FECHA_REQUERIMIENTO,FECHA_ENVIO,NOMBRE_RECEPTOR,DIRECCION,CODIGO_POSTAL,CIUDAD,REGION,PAIS,METODO_ENVIO,ID_COMPRA,ID_EMPLEADO,ID_CLIENTE,ID_DESPACHADOR) values ('2',to_date('17/08/20','DD/MM/RR'),to_date('20/11/20','DD/MM/RR'),'Samus Aran','las palmeras','1282','santiago','metropolitana','chile','camion','2','2','2','2');
Insert into VENDETODO.ORDENES (ID_ORDEN,FECHA_REQUERIMIENTO,FECHA_ENVIO,NOMBRE_RECEPTOR,DIRECCION,CODIGO_POSTAL,CIUDAD,REGION,PAIS,METODO_ENVIO,ID_COMPRA,ID_EMPLEADO,ID_CLIENTE,ID_DESPACHADOR) values ('3',to_date('20/12/20','DD/MM/RR'),to_date('20/01/21','DD/MM/RR'),'Peter Griffin','las naranjas','654','temuco','La araucania','chile','avion','3','3','3','3');
Insert into VENDETODO.ORDENES (ID_ORDEN,FECHA_REQUERIMIENTO,FECHA_ENVIO,NOMBRE_RECEPTOR,DIRECCION,CODIGO_POSTAL,CIUDAD,REGION,PAIS,METODO_ENVIO,ID_COMPRA,ID_EMPLEADO,ID_CLIENTE,ID_DESPACHADOR) values ('4',to_date('21/12/20','DD/MM/RR'),to_date('21/01/21','DD/MM/RR'),'Harry Potter','pasaje 9 3/4','66548','mundomagico','hogwarts','chile','lechuza','4','4','4','4');
Insert into VENDETODO.ORDENES (ID_ORDEN,FECHA_REQUERIMIENTO,FECHA_ENVIO,NOMBRE_RECEPTOR,DIRECCION,CODIGO_POSTAL,CIUDAD,REGION,PAIS,METODO_ENVIO,ID_COMPRA,ID_EMPLEADO,ID_CLIENTE,ID_DESPACHADOR) values ('5',to_date('14/01/21','DD/MM/RR'),to_date('20/01/21','DD/MM/RR'),'luis jara','las acacias','657','santiago','metropolitana','chile','camion','5','5','5','5');
commit;
REM INSERTING into VENDETODO.EMPLEADOS
SET DEFINE OFF;
Insert into VENDETODO.EMPLEADOS (ID_EMPLEADO,NOMBRE,APELLIDO,FECHA_NACIMIENTO,DIRECCION,REGION,CIUDAD,PAIS,TELEFONO,CARGO) values ('1','Ignacio','Cifuentes',to_date('11/12/95','DD/MM/RR'),'los aromos 1335 la florida','metropolitana','santiago','chile','981693964','vendedor');
Insert into VENDETODO.EMPLEADOS (ID_EMPLEADO,NOMBRE,APELLIDO,FECHA_NACIMIENTO,DIRECCION,REGION,CIUDAD,PAIS,TELEFONO,CARGO) values ('2','Carlos','Trejo',to_date('07/01/90','DD/MM/RR'),'los presidentes 1064 las rejas','metropolitana','santiago','chile','987954236','supervisor');
Insert into VENDETODO.EMPLEADOS (ID_EMPLEADO,NOMBRE,APELLIDO,FECHA_NACIMIENTO,DIRECCION,REGION,CIUDAD,PAIS,TELEFONO,CARGO) values ('3','Andrea','Perez',to_date('07/09/95','DD/MM/RR'),'manuel rodriguez 1231 Renca','metropolitana','santiago','chile','977944222','gerente de operaciones');
Insert into VENDETODO.EMPLEADOS (ID_EMPLEADO,NOMBRE,APELLIDO,FECHA_NACIMIENTO,DIRECCION,REGION,CIUDAD,PAIS,TELEFONO,CARGO) values ('4','Mario','Ledesma',to_date('01/06/63','DD/MM/RR'),'avenida argentina 1436 maipu','metropolitana','santiago','chile','916798536','jefe de operaciones');
Insert into VENDETODO.EMPLEADOS (ID_EMPLEADO,NOMBRE,APELLIDO,FECHA_NACIMIENTO,DIRECCION,REGION,CIUDAD,PAIS,TELEFONO,CARGO) values ('5','Luigi','Bros',to_date('01/06/73','DD/MM/RR'),'plaza italia 0021 providencia','metropolitana','santiago','chile','916456789','tecnico de mantenimiento');
commit;
REM INSERTING into VENDETODO.DESPACHADORES
SET DEFINE OFF;
Insert into VENDETODO.DESPACHADORES (ID_DESPACHADOR,NOMBRE,TELEFONO_EMPRESA) values ('1','pedro paramo','99997541');
Insert into VENDETODO.DESPACHADORES (ID_DESPACHADOR,NOMBRE,TELEFONO_EMPRESA) values ('2','luis andaur','987456111');
Insert into VENDETODO.DESPACHADORES (ID_DESPACHADOR,NOMBRE,TELEFONO_EMPRESA) values ('3','sergio busquets','88846213');
Insert into VENDETODO.DESPACHADORES (ID_DESPACHADOR,NOMBRE,TELEFONO_EMPRESA) values ('4','claudio bravo','654778912');
Insert into VENDETODO.DESPACHADORES (ID_DESPACHADOR,NOMBRE,TELEFONO_EMPRESA) values ('5','Marko Zaror','7898745612');
commit;
REM INSERTING into VENDETODO.COMPRAS
SET DEFINE OFF;
Insert into VENDETODO.COMPRAS (ID_COMPRA,VALOR_COMPRA,CANTIDAD_PRODUCTOS,DESCUENTOS) values ('1','46000','1','0');
Insert into VENDETODO.COMPRAS (ID_COMPRA,VALOR_COMPRA,CANTIDAD_PRODUCTOS,DESCUENTOS) values ('2','450000','1','0');
Insert into VENDETODO.COMPRAS (ID_COMPRA,VALOR_COMPRA,CANTIDAD_PRODUCTOS,DESCUENTOS) values ('3','2000','1','0');
Insert into VENDETODO.COMPRAS (ID_COMPRA,VALOR_COMPRA,CANTIDAD_PRODUCTOS,DESCUENTOS) values ('4','432000','12','0');
Insert into VENDETODO.COMPRAS (ID_COMPRA,VALOR_COMPRA,CANTIDAD_PRODUCTOS,DESCUENTOS) values ('5','10000','5','0');
commit;
REM INSERTING into VENDETODO.CLIENTES
SET DEFINE OFF;
Insert into VENDETODO.CLIENTES (ID_CLIENTE,NOMBRE_EMPRESA,NOMBRE_CONTACTO,EMAIL,DIRECCION,REGION,CIUDAD,PAIS,CODIGO_POSTAL,TELEFONO) values ('1','Distribuidora viste como roca','Dwayne Jhonson','therock@wwe.com','hollywood boulevard 14589','no aplica','California','Estados Unidos','8964561','7987897445613');
Insert into VENDETODO.CLIENTES (ID_CLIENTE,NOMBRE_EMPRESA,NOMBRE_CONTACTO,EMAIL,DIRECCION,REGION,CIUDAD,PAIS,CODIGO_POSTAL,TELEFONO) values ('2','calzado de rugby don Aaron','Aaron Smith','asmith@irb.com','evergreen avenue 063','no aplica','Sidney','Australia','7777894','14523675445');
Insert into VENDETODO.CLIENTES (ID_CLIENTE,NOMBRE_EMPRESA,NOMBRE_CONTACTO,EMAIL,DIRECCION,REGION,CIUDAD,PAIS,CODIGO_POSTAL,TELEFONO) values ('3','alimentos congelados lobo blanco','Geralt Rivia','whitewolf@kahermorhen.com','novigrado bajo 1014','region de la araucania','pucon','chile','99978746','997845623');
Insert into VENDETODO.CLIENTES (ID_CLIENTE,NOMBRE_EMPRESA,NOMBRE_CONTACTO,EMAIL,DIRECCION,REGION,CIUDAD,PAIS,CODIGO_POSTAL,TELEFONO) values ('4','dulcinea technologies','miguel cervantes','elquijote@santillana.com','el molino 5013','region de la araucania','villarrica','chile','9997863','632165498');
Insert into VENDETODO.CLIENTES (ID_CLIENTE,NOMBRE_EMPRESA,NOMBRE_CONTACTO,EMAIL,DIRECCION,REGION,CIUDAD,PAIS,CODIGO_POSTAL,TELEFONO) values ('5','jewels by meaning','Jordan Peterson','JBP@Petersoncompany.com','calle proposito 4567','region de la araucania','temuco','chile','999441','789456123');
commit;
REM INSERTING into VENDETODO.CATEGORIA
SET DEFINE OFF;
Insert into VENDETODO.CATEGORIA (ID_CATEGORIA,NOMBRE_CATEGORIA) values ('3','alimentos');
Insert into VENDETODO.CATEGORIA (ID_CATEGORIA,NOMBRE_CATEGORIA) values ('1','vestuario');
Insert into VENDETODO.CATEGORIA (ID_CATEGORIA,NOMBRE_CATEGORIA) values ('2','calzado');
Insert into VENDETODO.CATEGORIA (ID_CATEGORIA,NOMBRE_CATEGORIA) values ('4','tecnologia');
Insert into VENDETODO.CATEGORIA (ID_CATEGORIA,NOMBRE_CATEGORIA) values ('5','joyas');
commit;
--------------------------------------------------------
--  DDL for Index SYS_C007655
--------------------------------------------------------

  CREATE UNIQUE INDEX "VENDETODO"."SYS_C007655" ON "VENDETODO"."PROVEEDORES" ("ID_PROVEEDOR") 
  PCTFREE 10 INITRANS 2 MAXTRANS 255 COMPUTE STATISTICS 
  STORAGE(INITIAL 65536 NEXT 1048576 MINEXTENTS 1 MAXEXTENTS 2147483645
  PCTINCREASE 0 FREELISTS 1 FREELIST GROUPS 1
  BUFFER_POOL DEFAULT FLASH_CACHE DEFAULT CELL_FLASH_CACHE DEFAULT)
  TABLESPACE "USERS" ;
--------------------------------------------------------
--  DDL for Index SYS_C007662
--------------------------------------------------------

  CREATE UNIQUE INDEX "VENDETODO"."SYS_C007662" ON "VENDETODO"."PRODUCTOS" ("ID_PRODUCTO") 
  PCTFREE 10 INITRANS 2 MAXTRANS 255 COMPUTE STATISTICS 
  STORAGE(INITIAL 65536 NEXT 1048576 MINEXTENTS 1 MAXEXTENTS 2147483645
  PCTINCREASE 0 FREELISTS 1 FREELIST GROUPS 1
  BUFFER_POOL DEFAULT FLASH_CACHE DEFAULT CELL_FLASH_CACHE DEFAULT)
  TABLESPACE "USERS" ;
--------------------------------------------------------
--  DDL for Index SYS_C007685
--------------------------------------------------------

  CREATE UNIQUE INDEX "VENDETODO"."SYS_C007685" ON "VENDETODO"."ORDENES" ("ID_ORDEN") 
  PCTFREE 10 INITRANS 2 MAXTRANS 255 COMPUTE STATISTICS 
  STORAGE(INITIAL 65536 NEXT 1048576 MINEXTENTS 1 MAXEXTENTS 2147483645
  PCTINCREASE 0 FREELISTS 1 FREELIST GROUPS 1
  BUFFER_POOL DEFAULT FLASH_CACHE DEFAULT CELL_FLASH_CACHE DEFAULT)
  TABLESPACE "USERS" ;
--------------------------------------------------------
--  DDL for Index SYS_C007629
--------------------------------------------------------

  CREATE UNIQUE INDEX "VENDETODO"."SYS_C007629" ON "VENDETODO"."EMPLEADOS" ("ID_EMPLEADO") 
  PCTFREE 10 INITRANS 2 MAXTRANS 255 COMPUTE STATISTICS 
  STORAGE(INITIAL 65536 NEXT 1048576 MINEXTENTS 1 MAXEXTENTS 2147483645
  PCTINCREASE 0 FREELISTS 1 FREELIST GROUPS 1
  BUFFER_POOL DEFAULT FLASH_CACHE DEFAULT CELL_FLASH_CACHE DEFAULT)
  TABLESPACE "USERS" ;
--------------------------------------------------------
--  DDL for Index SYS_C007644
--------------------------------------------------------

  CREATE UNIQUE INDEX "VENDETODO"."SYS_C007644" ON "VENDETODO"."DESPACHADORES" ("ID_DESPACHADOR") 
  PCTFREE 10 INITRANS 2 MAXTRANS 255 COMPUTE STATISTICS 
  STORAGE(INITIAL 65536 NEXT 1048576 MINEXTENTS 1 MAXEXTENTS 2147483645
  PCTINCREASE 0 FREELISTS 1 FREELIST GROUPS 1
  BUFFER_POOL DEFAULT FLASH_CACHE DEFAULT CELL_FLASH_CACHE DEFAULT)
  TABLESPACE "USERS" ;
--------------------------------------------------------
--  DDL for Index SYS_C007667
--------------------------------------------------------

  CREATE UNIQUE INDEX "VENDETODO"."SYS_C007667" ON "VENDETODO"."COMPRAS" ("ID_COMPRA") 
  PCTFREE 10 INITRANS 2 MAXTRANS 255 COMPUTE STATISTICS 
  STORAGE(INITIAL 65536 NEXT 1048576 MINEXTENTS 1 MAXEXTENTS 2147483645
  PCTINCREASE 0 FREELISTS 1 FREELIST GROUPS 1
  BUFFER_POOL DEFAULT FLASH_CACHE DEFAULT CELL_FLASH_CACHE DEFAULT)
  TABLESPACE "USERS" ;
--------------------------------------------------------
--  DDL for Index SYS_C007702
--------------------------------------------------------

  CREATE UNIQUE INDEX "VENDETODO"."SYS_C007702" ON "VENDETODO"."CLIENTES" ("ID_CLIENTE") 
  PCTFREE 10 INITRANS 2 MAXTRANS 255 COMPUTE STATISTICS 
  STORAGE(INITIAL 65536 NEXT 1048576 MINEXTENTS 1 MAXEXTENTS 2147483645
  PCTINCREASE 0 FREELISTS 1 FREELIST GROUPS 1
  BUFFER_POOL DEFAULT FLASH_CACHE DEFAULT CELL_FLASH_CACHE DEFAULT)
  TABLESPACE "USERS" ;
--------------------------------------------------------
--  DDL for Index SYS_C007647
--------------------------------------------------------

  CREATE UNIQUE INDEX "VENDETODO"."SYS_C007647" ON "VENDETODO"."CATEGORIA" ("ID_CATEGORIA") 
  PCTFREE 10 INITRANS 2 MAXTRANS 255 COMPUTE STATISTICS 
  STORAGE(INITIAL 65536 NEXT 1048576 MINEXTENTS 1 MAXEXTENTS 2147483645
  PCTINCREASE 0 FREELISTS 1 FREELIST GROUPS 1
  BUFFER_POOL DEFAULT FLASH_CACHE DEFAULT CELL_FLASH_CACHE DEFAULT)
  TABLESPACE "USERS" ;
--------------------------------------------------------
--  Constraints for Table PROVEEDORES
--------------------------------------------------------

  ALTER TABLE "VENDETODO"."PROVEEDORES" MODIFY ("ID_PROVEEDOR" NOT NULL ENABLE);
  ALTER TABLE "VENDETODO"."PROVEEDORES" MODIFY ("NOMBRE_COMPANIA" NOT NULL ENABLE);
  ALTER TABLE "VENDETODO"."PROVEEDORES" MODIFY ("NOMBRE_CONTACTO" NOT NULL ENABLE);
  ALTER TABLE "VENDETODO"."PROVEEDORES" MODIFY ("DIRECCION" NOT NULL ENABLE);
  ALTER TABLE "VENDETODO"."PROVEEDORES" MODIFY ("REGION" NOT NULL ENABLE);
  ALTER TABLE "VENDETODO"."PROVEEDORES" MODIFY ("CIUDAD" NOT NULL ENABLE);
  ALTER TABLE "VENDETODO"."PROVEEDORES" MODIFY ("TELEFONO" NOT NULL ENABLE);
  ALTER TABLE "VENDETODO"."PROVEEDORES" ADD PRIMARY KEY ("ID_PROVEEDOR")
  USING INDEX PCTFREE 10 INITRANS 2 MAXTRANS 255 COMPUTE STATISTICS 
  STORAGE(INITIAL 65536 NEXT 1048576 MINEXTENTS 1 MAXEXTENTS 2147483645
  PCTINCREASE 0 FREELISTS 1 FREELIST GROUPS 1
  BUFFER_POOL DEFAULT FLASH_CACHE DEFAULT CELL_FLASH_CACHE DEFAULT)
  TABLESPACE "USERS"  ENABLE;
--------------------------------------------------------
--  Constraints for Table PRODUCTOS
--------------------------------------------------------

  ALTER TABLE "VENDETODO"."PRODUCTOS" MODIFY ("ID_PRODUCTO" NOT NULL ENABLE);
  ALTER TABLE "VENDETODO"."PRODUCTOS" MODIFY ("PRECIO" NOT NULL ENABLE);
  ALTER TABLE "VENDETODO"."PRODUCTOS" MODIFY ("STOCK" NOT NULL ENABLE);
  ALTER TABLE "VENDETODO"."PRODUCTOS" MODIFY ("DESCONTINUADO" NOT NULL ENABLE);
  ALTER TABLE "VENDETODO"."PRODUCTOS" MODIFY ("ID_CATEGORIA" NOT NULL ENABLE);
  ALTER TABLE "VENDETODO"."PRODUCTOS" MODIFY ("ID_PROVEEDOR" NOT NULL ENABLE);
  ALTER TABLE "VENDETODO"."PRODUCTOS" ADD PRIMARY KEY ("ID_PRODUCTO")
  USING INDEX PCTFREE 10 INITRANS 2 MAXTRANS 255 COMPUTE STATISTICS 
  STORAGE(INITIAL 65536 NEXT 1048576 MINEXTENTS 1 MAXEXTENTS 2147483645
  PCTINCREASE 0 FREELISTS 1 FREELIST GROUPS 1
  BUFFER_POOL DEFAULT FLASH_CACHE DEFAULT CELL_FLASH_CACHE DEFAULT)
  TABLESPACE "USERS"  ENABLE;
--------------------------------------------------------
--  Constraints for Table ORDEN_DE_COMPRA
--------------------------------------------------------

  ALTER TABLE "VENDETODO"."ORDEN_DE_COMPRA" MODIFY ("CANTIDAD" NOT NULL ENABLE);
  ALTER TABLE "VENDETODO"."ORDEN_DE_COMPRA" MODIFY ("ID_PRODUCTO" NOT NULL ENABLE);
  ALTER TABLE "VENDETODO"."ORDEN_DE_COMPRA" MODIFY ("ID_ORDEN" NOT NULL ENABLE);
--------------------------------------------------------
--  Constraints for Table ORDENES
--------------------------------------------------------

  ALTER TABLE "VENDETODO"."ORDENES" MODIFY ("ID_ORDEN" NOT NULL ENABLE);
  ALTER TABLE "VENDETODO"."ORDENES" MODIFY ("FECHA_REQUERIMIENTO" NOT NULL ENABLE);
  ALTER TABLE "VENDETODO"."ORDENES" MODIFY ("FECHA_ENVIO" NOT NULL ENABLE);
  ALTER TABLE "VENDETODO"."ORDENES" MODIFY ("NOMBRE_RECEPTOR" NOT NULL ENABLE);
  ALTER TABLE "VENDETODO"."ORDENES" MODIFY ("DIRECCION" NOT NULL ENABLE);
  ALTER TABLE "VENDETODO"."ORDENES" MODIFY ("CODIGO_POSTAL" NOT NULL ENABLE);
  ALTER TABLE "VENDETODO"."ORDENES" MODIFY ("CIUDAD" NOT NULL ENABLE);
  ALTER TABLE "VENDETODO"."ORDENES" MODIFY ("REGION" NOT NULL ENABLE);
  ALTER TABLE "VENDETODO"."ORDENES" MODIFY ("PAIS" NOT NULL ENABLE);
  ALTER TABLE "VENDETODO"."ORDENES" MODIFY ("METODO_ENVIO" NOT NULL ENABLE);
  ALTER TABLE "VENDETODO"."ORDENES" MODIFY ("ID_COMPRA" NOT NULL ENABLE);
  ALTER TABLE "VENDETODO"."ORDENES" MODIFY ("ID_EMPLEADO" NOT NULL ENABLE);
  ALTER TABLE "VENDETODO"."ORDENES" MODIFY ("ID_CLIENTE" NOT NULL ENABLE);
  ALTER TABLE "VENDETODO"."ORDENES" MODIFY ("ID_DESPACHADOR" NOT NULL ENABLE);
  ALTER TABLE "VENDETODO"."ORDENES" ADD PRIMARY KEY ("ID_ORDEN")
  USING INDEX PCTFREE 10 INITRANS 2 MAXTRANS 255 COMPUTE STATISTICS 
  STORAGE(INITIAL 65536 NEXT 1048576 MINEXTENTS 1 MAXEXTENTS 2147483645
  PCTINCREASE 0 FREELISTS 1 FREELIST GROUPS 1
  BUFFER_POOL DEFAULT FLASH_CACHE DEFAULT CELL_FLASH_CACHE DEFAULT)
  TABLESPACE "USERS"  ENABLE;
--------------------------------------------------------
--  Constraints for Table EMPLEADOS
--------------------------------------------------------

  ALTER TABLE "VENDETODO"."EMPLEADOS" MODIFY ("ID_EMPLEADO" NOT NULL ENABLE);
  ALTER TABLE "VENDETODO"."EMPLEADOS" MODIFY ("NOMBRE" NOT NULL ENABLE);
  ALTER TABLE "VENDETODO"."EMPLEADOS" MODIFY ("APELLIDO" NOT NULL ENABLE);
  ALTER TABLE "VENDETODO"."EMPLEADOS" MODIFY ("FECHA_NACIMIENTO" NOT NULL ENABLE);
  ALTER TABLE "VENDETODO"."EMPLEADOS" MODIFY ("DIRECCION" NOT NULL ENABLE);
  ALTER TABLE "VENDETODO"."EMPLEADOS" MODIFY ("REGION" NOT NULL ENABLE);
  ALTER TABLE "VENDETODO"."EMPLEADOS" MODIFY ("CIUDAD" NOT NULL ENABLE);
  ALTER TABLE "VENDETODO"."EMPLEADOS" MODIFY ("PAIS" NOT NULL ENABLE);
  ALTER TABLE "VENDETODO"."EMPLEADOS" MODIFY ("TELEFONO" NOT NULL ENABLE);
  ALTER TABLE "VENDETODO"."EMPLEADOS" MODIFY ("CARGO" NOT NULL ENABLE);
  ALTER TABLE "VENDETODO"."EMPLEADOS" ADD PRIMARY KEY ("ID_EMPLEADO")
  USING INDEX PCTFREE 10 INITRANS 2 MAXTRANS 255 COMPUTE STATISTICS 
  STORAGE(INITIAL 65536 NEXT 1048576 MINEXTENTS 1 MAXEXTENTS 2147483645
  PCTINCREASE 0 FREELISTS 1 FREELIST GROUPS 1
  BUFFER_POOL DEFAULT FLASH_CACHE DEFAULT CELL_FLASH_CACHE DEFAULT)
  TABLESPACE "USERS"  ENABLE;
--------------------------------------------------------
--  Constraints for Table DESPACHADORES
--------------------------------------------------------

  ALTER TABLE "VENDETODO"."DESPACHADORES" MODIFY ("ID_DESPACHADOR" NOT NULL ENABLE);
  ALTER TABLE "VENDETODO"."DESPACHADORES" MODIFY ("NOMBRE" NOT NULL ENABLE);
  ALTER TABLE "VENDETODO"."DESPACHADORES" MODIFY ("TELEFONO_EMPRESA" NOT NULL ENABLE);
  ALTER TABLE "VENDETODO"."DESPACHADORES" ADD PRIMARY KEY ("ID_DESPACHADOR")
  USING INDEX PCTFREE 10 INITRANS 2 MAXTRANS 255 COMPUTE STATISTICS 
  STORAGE(INITIAL 65536 NEXT 1048576 MINEXTENTS 1 MAXEXTENTS 2147483645
  PCTINCREASE 0 FREELISTS 1 FREELIST GROUPS 1
  BUFFER_POOL DEFAULT FLASH_CACHE DEFAULT CELL_FLASH_CACHE DEFAULT)
  TABLESPACE "USERS"  ENABLE;
--------------------------------------------------------
--  Constraints for Table COMPRAS
--------------------------------------------------------

  ALTER TABLE "VENDETODO"."COMPRAS" MODIFY ("ID_COMPRA" NOT NULL ENABLE);
  ALTER TABLE "VENDETODO"."COMPRAS" MODIFY ("VALOR_COMPRA" NOT NULL ENABLE);
  ALTER TABLE "VENDETODO"."COMPRAS" MODIFY ("CANTIDAD_PRODUCTOS" NOT NULL ENABLE);
  ALTER TABLE "VENDETODO"."COMPRAS" MODIFY ("DESCUENTOS" NOT NULL ENABLE);
  ALTER TABLE "VENDETODO"."COMPRAS" ADD PRIMARY KEY ("ID_COMPRA")
  USING INDEX PCTFREE 10 INITRANS 2 MAXTRANS 255 COMPUTE STATISTICS 
  STORAGE(INITIAL 65536 NEXT 1048576 MINEXTENTS 1 MAXEXTENTS 2147483645
  PCTINCREASE 0 FREELISTS 1 FREELIST GROUPS 1
  BUFFER_POOL DEFAULT FLASH_CACHE DEFAULT CELL_FLASH_CACHE DEFAULT)
  TABLESPACE "USERS"  ENABLE;
--------------------------------------------------------
--  Constraints for Table CLIENTES
--------------------------------------------------------

  ALTER TABLE "VENDETODO"."CLIENTES" MODIFY ("ID_CLIENTE" NOT NULL ENABLE);
  ALTER TABLE "VENDETODO"."CLIENTES" MODIFY ("NOMBRE_EMPRESA" NOT NULL ENABLE);
  ALTER TABLE "VENDETODO"."CLIENTES" MODIFY ("NOMBRE_CONTACTO" NOT NULL ENABLE);
  ALTER TABLE "VENDETODO"."CLIENTES" MODIFY ("EMAIL" NOT NULL ENABLE);
  ALTER TABLE "VENDETODO"."CLIENTES" MODIFY ("DIRECCION" NOT NULL ENABLE);
  ALTER TABLE "VENDETODO"."CLIENTES" MODIFY ("REGION" NOT NULL ENABLE);
  ALTER TABLE "VENDETODO"."CLIENTES" MODIFY ("CIUDAD" NOT NULL ENABLE);
  ALTER TABLE "VENDETODO"."CLIENTES" MODIFY ("PAIS" NOT NULL ENABLE);
  ALTER TABLE "VENDETODO"."CLIENTES" MODIFY ("CODIGO_POSTAL" NOT NULL ENABLE);
  ALTER TABLE "VENDETODO"."CLIENTES" MODIFY ("TELEFONO" NOT NULL ENABLE);
  ALTER TABLE "VENDETODO"."CLIENTES" ADD PRIMARY KEY ("ID_CLIENTE")
  USING INDEX PCTFREE 10 INITRANS 2 MAXTRANS 255 COMPUTE STATISTICS 
  STORAGE(INITIAL 65536 NEXT 1048576 MINEXTENTS 1 MAXEXTENTS 2147483645
  PCTINCREASE 0 FREELISTS 1 FREELIST GROUPS 1
  BUFFER_POOL DEFAULT FLASH_CACHE DEFAULT CELL_FLASH_CACHE DEFAULT)
  TABLESPACE "USERS"  ENABLE;
--------------------------------------------------------
--  Constraints for Table CATEGORIA
--------------------------------------------------------

  ALTER TABLE "VENDETODO"."CATEGORIA" MODIFY ("ID_CATEGORIA" NOT NULL ENABLE);
  ALTER TABLE "VENDETODO"."CATEGORIA" MODIFY ("NOMBRE_CATEGORIA" NOT NULL ENABLE);
  ALTER TABLE "VENDETODO"."CATEGORIA" ADD PRIMARY KEY ("ID_CATEGORIA")
  USING INDEX PCTFREE 10 INITRANS 2 MAXTRANS 255 COMPUTE STATISTICS 
  STORAGE(INITIAL 65536 NEXT 1048576 MINEXTENTS 1 MAXEXTENTS 2147483645
  PCTINCREASE 0 FREELISTS 1 FREELIST GROUPS 1
  BUFFER_POOL DEFAULT FLASH_CACHE DEFAULT CELL_FLASH_CACHE DEFAULT)
  TABLESPACE "USERS"  ENABLE;
--------------------------------------------------------
--  Ref Constraints for Table PRODUCTOS
--------------------------------------------------------

  ALTER TABLE "VENDETODO"."PRODUCTOS" ADD CONSTRAINT "FK_PRODUCTOS__ID_CATEGORIA" FOREIGN KEY ("ID_CATEGORIA")
	  REFERENCES "VENDETODO"."CATEGORIA" ("ID_CATEGORIA") ENABLE;
  ALTER TABLE "VENDETODO"."PRODUCTOS" ADD CONSTRAINT "FK_PRODUCTOS__ID_PROVEEDOR" FOREIGN KEY ("ID_PROVEEDOR")
	  REFERENCES "VENDETODO"."PROVEEDORES" ("ID_PROVEEDOR") ENABLE;
--------------------------------------------------------
--  Ref Constraints for Table ORDEN_DE_COMPRA
--------------------------------------------------------

  ALTER TABLE "VENDETODO"."ORDEN_DE_COMPRA" ADD CONSTRAINT "FK_ORDEN_DE_COMPRA__ID_PRODUCTO" FOREIGN KEY ("ID_PRODUCTO")
	  REFERENCES "VENDETODO"."PRODUCTOS" ("ID_PRODUCTO") ENABLE;
--------------------------------------------------------
--  Ref Constraints for Table ORDENES
--------------------------------------------------------

  ALTER TABLE "VENDETODO"."ORDENES" ADD CONSTRAINT "FK_ORDENES__ID_COMPRA" FOREIGN KEY ("ID_COMPRA")
	  REFERENCES "VENDETODO"."COMPRAS" ("ID_COMPRA") ENABLE;
  ALTER TABLE "VENDETODO"."ORDENES" ADD CONSTRAINT "FK_ORDENES__ID_EMPLEADO" FOREIGN KEY ("ID_EMPLEADO")
	  REFERENCES "VENDETODO"."EMPLEADOS" ("ID_EMPLEADO") ENABLE;
  ALTER TABLE "VENDETODO"."ORDENES" ADD CONSTRAINT "FK_ORDENES__ID_DESPACHADOR" FOREIGN KEY ("ID_DESPACHADOR")
	  REFERENCES "VENDETODO"."DESPACHADORES" ("ID_DESPACHADOR") ENABLE;
